{
  "EXT_SOURCE_3": {
    "(-0.000473, 0.257]": 0.9745251423374279,
    "(0.257, 0.371]": 0.3692692102382822,
    "(0.371, 0.458]": 0.06385313800423911,
    "(0.458, 0.535]": 0.037856370318819346,
    "(0.535, 0.537]": -0.34255366816703353,
    "(0.537, 0.604]": -0.44717742964279916,
    "(0.604, 0.669]": -0.6212556266651771,
    "(0.669, 0.735]": -0.8013805510677111,
    "(0.735, 0.896]": -0.957816223038779
  },
  "EXT_SOURCE_2": {
    "(-0.0009999183, 0.216]": 0.9386579416979075,
    "(0.216, 0.34]": 0.4479775650124487,
    "(0.34, 0.441]": 0.22944871783939416,
    "(0.441, 0.513]": 0.033294044202040504,
    "(0.513, 0.566]": -0.0861510447502703,
    "(0.566, 0.608]": -0.21020540787037598,
    "(0.608, 0.646]": -0.34266404738031675,
    "(0.646, 0.682]": -0.5329768588882947,
    "(0.682, 0.722]": -0.6962268412247362,
    "(0.722, 0.855]": -1.0514831978195374
  },
  "EXT_SOURCE_1": {
    "(0.013600000000000001, 0.319]": 0.6125999682356065,
    "(0.319, 0.478]": 0.009081153508448188,
    "(0.478, 0.506]": 0.05067382128059362,
    "(0.506, 0.534]": -0.2673706200452626,
    "(0.534, 0.69]": -0.4822827200296135,
    "(0.69, 0.963]": -0.9913641126945002
  },
  "CREDIT_TERM": {
    "(10.516, 14.63]": 0.3736969218916551,
    "(14.63, 17.768]": 0.23491780092930764,
    "(17.768, 19.536]": 0.22351575548055896,
    "(19.536, 20.0]": -0.25296600382359186,
    "(20.0, 22.01]": 0.5316268874242591,
    "(22.01, 25.214]": -0.507292370386599,
    "(25.214, 30.143]": -0.10316614830988115,
    "(30.143, 34.063]": -0.13303064137015008,
    "(34.063, 59.56]": -0.35488270682840534,
    "(6.324, 10.516]": -0.5472894407936298
  },
  "bureau_days_credit_mean": {
    "(-1098.5, -927.6]": -0.14935011075088667,
    "(-1270.0, -1098.5]": -0.264881291525922,
    "(-1464.1, -1270.0]": -0.38085742136477463,
    "(-1746.167, -1464.1]": -0.487027216101084,
    "(-285.5, 0.0]": 0.37321842354915963,
    "(-2922.001, -1746.167]": -0.5113900865426478,
    "(-542.0, -285.5]": 0.39068633067930797,
    "(-747.444, -542.0]": 0.17082967856341,
    "(-927.6, -747.444]": -0.0008561731552005716
  },
  "DAYS_EMPLOYED": {
    "(-1132.0, -749.0]": 0.31001723224633365,
    "(-1597.0, -1132.0]": 0.2112722724138394,
    "(-1648.0, -1597.0]": 0.20140815047101523,
    "(-1695.0, -1648.0]": -0.3894758695284959,
    "(-17912.001, -4881.0]": -0.563282185039513,
    "(-2362.0, -1695.0]": 0.02806010292269625,
    "(-3231.0, -2362.0]": -0.1257113846642115,
    "(-392.0, 0.0]": 0.33583332265147636,
    "(-4881.0, -3231.0]": -0.3203830103343782,
    "(-749.0, -392.0]": 0.3876245391497571
  },
  "GOODS_CREDIT_RATIO": {
    "(0.166666666665, 0.782962730974]": 0.49666072288131424,
    "(0.782962730974, 0.825627476881]": 0.33804506450164484,
    "(0.825627476881, 0.857396192324]": 0.12084230964849747,
    "(0.857396192324, 0.873209919664]": 0.06736113590498906,
    "(0.873209919664, 0.893814801572]": -0.18588754656541417,
    "(0.893814801572, 0.926613442644]": -0.21893838490305834,
    "(0.926613442644, 0.999999999995]": -0.31576162388162304,
    "(0.999999999995, 0.999999999998]": -0.11984012194483906,
    "(0.999999999998, 0.999999999999]": -0.005636824912908174,
    "(0.999999999999, 6.666666666617]": -0.5718501045770766
  },
  "DAYS_BIRTH": {
    "(-10284.0, -7489.0]": 0.3998216702079857,
    "(-11694.0, -10284.0]": 0.34051362669148494,
    "(-13140.0, -11694.0]": 0.21333937371268055,
    "(-14416.0, -13140.0]": 0.10074966158068946,
    "(-15750.0, -14416.0]": -0.021447986083527958,
    "(-17220.0, -15750.0]": -0.038244676448691305,
    "(-18885.0, -17220.0]": -0.13314797740615408,
    "(-20474.0, -18885.0]": -0.26008286090009797,
    "(-22181.0, -20474.0]": -0.42595072881560553,
    "(-25229.001, -22181.0]": -0.5322795408563281
  },
  "prev_refused_ratio": {
    "(-0.001, 0.125]": -0.15482651746201423,
    "(0.125, 0.25]": 0.031736548141878755,
    "(0.25, 0.385]": 0.26483244229804076,
    "(0.385, 1.0]": 0.5879122367238102
  },
  "bureau_debt_credit_ratio": {
    "(-7.686, 0.0]": -0.11316657005569924,
    "(0.0, 0.000771]": -0.23793538818955612,
    "(0.000771, 0.116]": -0.3486356471774789,
    "(0.116, 0.235]": -0.19444255336277205,
    "(0.235, 0.356]": -0.09726316163439028,
    "(0.356, 0.492]": 0.06684234703745998,
    "(0.492, 0.679]": 0.27202137987451774,
    "(0.679, 16.667]": 0.512904825950673
  },
  "inst_late_ratio": {
    "(-0.001, 0.00781]": -0.20146287226702278,
    "(0.00781, 0.0417]": -0.17521551949286712,
    "(0.0417, 0.0806]": 0.036238080615985394,
    "(0.0806, 0.137]": 0.17814023807357124,
    "(0.137, 0.231]": 0.24361398833493728,
    "(0.231, 1.0]": 0.48364845941318124
  },
  "bureau_active_ratio": {
    "(-1e-06, 0.1]": -0.04668201439949078,
    "(0.1, 0.25]": -0.4396204379949395,
    "(0.25, 0.333333]": -0.2665503729335497,
    "(0.333333, 0.4]": -0.16018701392050533,
    "(0.4, 0.5]": -0.0018026265441998743,
    "(0.5, 0.6]": 0.20535547499544388,
    "(0.6, 0.999999]": 0.3105489803409484,
    "(0.999999, 1.0]": 0.44246434966346115
  },
  "DAYS_EMPLOYED_RATIO": {
    "(-0.001, 0.0286]": 0.2997481411617999,
    "(0.0286, 0.0548]": 0.3453017295130113,
    "(0.0548, 0.0708]": -0.031064258174158792,
    "(0.0708, 0.0773]": -0.21968195492701945,
    "(0.0773, 0.091]": -0.05934673015039709,
    "(0.091, 0.123]": 0.16129326952342765,
    "(0.123, 0.165]": 0.06973988463272564,
    "(0.165, 0.223]": -0.09204171073004307,
    "(0.223, 0.317]": -0.22165230711078054,
    "(0.317, 0.729]": -0.4937070922609562
  },
  "REGION_RATING_CLIENT_W_CITY": {
    "1.0": -0.5456893802818804,
    "2.0": -0.021080986121286293,
    "3.0": 0.3822524493189192
  },
  "prev_approved_ratio": {
    "(-1e-07, 0.2727272]": 0.21071171467680821,
    "(0.2727272, 0.4545454]": 0.3861082570412615,
    "(0.4545454, 0.5]": 0.16652572832828452,
    "(0.5, 0.6666664]": 0.01566964106280282,
    "(0.6666664, 0.7499998]": -0.17803792436968943,
    "(0.7499998, 0.999999]": -0.06727084907824726,
    "(0.999999, 0.9999995]": -0.1327142169827023,
    "(0.9999995, 0.9999997]": -0.29891688244512993,
    "(0.9999997, 0.9999999]": -0.48817617010647923
  },
  "NAME_EDUCATION_TYPE_Higher education": {
    "False": 0.11241723246430714,
    "True": -0.43949477428060874
  },
  "inst_days_past_due_mean": {
    "(-0.001, 0.0129]": -0.20159432338052663,
    "(0.0129, 0.125]": -0.06553690367992482,
    "(0.125, 0.314]": 0.052212520099141214,
    "(0.314, 0.7]": 0.15869823230048924,
    "(0.7, 1.745]": 0.27320735955926473,
    "(1.745, 1885.386]": 0.3943715947662156
  },
  "REGION_RATING_CLIENT": {
    "1.0": -0.5501521388130824,
    "2.0": -0.025018218079814237,
    "3.0": 0.352268892662593
  },
  "DAYS_LAST_PHONE_CHANGE": {
    "(-1060.0, -757.0]": 0.023433773801608028,
    "(-1426.0, -1060.0]": -0.1291923188232717,
    "(-161.0, 0.0]": 0.16950088901366234,
    "(-1720.0, -1426.0]": -0.22614919250955548,
    "(-2158.0, -1720.0]": -0.30321725722412,
    "(-364.0, -161.0]": 0.22423415998463464,
    "(-4292.001, -2158.0]": -0.43207824789517824,
    "(-546.0, -364.0]": 0.14270607946456224,
    "(-757.0, -546.0]": 0.16152910775002213
  },
  "prev_refused_count": {
    "(-0.001, 1.0]": -0.1055029671926513,
    "(1.0, 3.0]": 0.3053766607651544,
    "(3.0, 68.0]": 0.5617634120974091
  },
  "NAME_INCOME_TYPE_Working": {
    "False": -0.24106897034909738,
    "True": 0.18868624170761839
  },
  "AMT_CREDIT": {
    "(1133748.0, 4050000.0]": -0.44468254127996915,
    "(180000.0, 254700.0]": -0.04036075663174599,
    "(254700.0, 306306.0]": 0.01813107243218892,
    "(306306.0, 432000.0]": 0.23910819345518808,
    "(432000.0, 513531.0]": 0.18890451354943202,
    "(44999.999, 180000.0]": -0.19751052119787962,
    "(513531.0, 604152.0]": 0.2920826878479954,
    "(604152.0, 755190.0]": 0.06101756220547455,
    "(755190.0, 900000.0]": -0.14179348788188328,
    "(900000.0, 1133748.0]": -0.17220587264402631
  },
  "inst_payment_diff_mean": {
    "(-337496.81299999997, -378.62]": -0.29042010949131764,
    "(-378.62, 0.0]": -0.12341490435629462,