{
  "oof_auc": 0.7836682647518003,
  "gini": 0.5673365295036006,
  "ks_statistic": 0.4255029161026359,
  "optimal_threshold": 0.48057931562674816,
  "brier_score": 0.17661938424298845,
  "brier_calibrated": 0.0625796825412208,
  "total_ecl_M": 30122.138709650146,
  "ecl_coverage_ratio": 0.16352323712849912,
  "psi_score": 0.00446345092483354,
  "fold_aucs": [
    0.781415064459316,
    0.7879986657224053,
    0.7812742436527188,
    0.7876326745253102,
    0.7802810700247969
  ],
  "baseline_auc": 0.7400179266111853
}