{
  "bins": [
    0.0,
    0.03650155601659752,
    0.07227118644067797,
    0.15513767629281397,
    1.0
  ],
  "labels": [
    "Very Low",
    "Low",
    "Medium",
    "High"
  ],
  "optimal_threshold": 0.0806345009914078,
  "winner_model": "CatBoost"
}