{
  "bins": [
    0.0,
    0.27892775991838853,
    0.45654430591731376,
    0.6493265692008885,
    1.0
  ],
  "labels": [
    "Very Low",
    "Low",
    "Medium",
    "High"
  ],
  "optimal_threshold": 0.48057931562674816,
  "lgd_rate": 0.45
}